State,District,N,P,K,ph,N_src,P_src,K_src,ph_src
Andhra Pradesh,Alluri Sitharama Raju,67.5,40.0,25.0,7.8,"state average (Andhra Pradesh, regional_soil_MASTER.csv real districts)","state average (Andhra Pradesh, regional_soil_MASTER.csv real districts)","real (district-level, regional_soil_MASTER.csv)","real (district-level, regional_soil_MASTER.csv)"
Andhra Pradesh,Ananthapuramu,67.5,15.0,25.0,5.5,"state average (Andhra Pradesh, regional_soil_MASTER.csv real districts)","real (district-level, regional_soil_MASTER.csv)","state average (Andhra Pradesh, regional_soil_MASTER.csv real districts)","real (district-level, regional_soil_MASTER.csv)"
Andhra Pradesh,Annamayya,67.5,15.0,25.0,6.65,"state average (Andhra Pradesh, regional_soil_MASTER.csv real districts)","real (district-level, regional_soil_MASTER.csv)","state average (Andhra Pradesh, regional_soil_MASTER.csv real districts)","state average (Andhra Pradesh, regional_soil_MASTER.csv real districts)"
Andhra Pradesh,Chittoor,40.0,40.0,25.0,6.65,"real (district-level, regional_soil_MASTER.csv)","state average (Andhra Pradesh, regional_soil_MASTER.csv real districts)","state average (Andhra Pradesh, regional_soil_MASTER.csv real districts)","state average (Andhra Pradesh, regional_soil_MASTER.csv real districts)"
Andhra Pradesh,East Godavari,67.5,40.0,25.0,7.8,"state average (Andhra Pradesh, regional_soil_MASTER.csv real districts)","state average (Andhra Pradesh, regional_soil_MASTER.csv real districts)","real (district-level, regional_soil_MASTER.csv)","real (district-level, regional_soil_MASTER.csv)"
Andhra Pradesh,Krishna,95.0,40.0,25.0,6.65,"real (district-level, regional_soil_MASTER.csv)","state average (Andhra Pradesh, regional_soil_MASTER.csv real districts)","state average (Andhra Pradesh, regional_soil_MASTER.csv real districts)","state average (Andhra Pradesh, regional_soil_MASTER.csv real districts)"
Andhra Pradesh,Palnadu,67.5,40.0,25.0,6.65,"state average (Andhra Pradesh, regional_soil_MASTER.csv real districts)","state average (Andhra Pradesh, regional_soil_MASTER.csv real districts)","real (district-level, regional_soil_MASTER.csv)","state average (Andhra Pradesh, regional_soil_MASTER.csv real districts)"
Andhra Pradesh,Sri Potti Sriramulu Nellore,67.5,65.0,25.0,6.65,"state average (Andhra Pradesh, regional_soil_MASTER.csv real districts)","real (district-level, regional_soil_MASTER.csv)","state average (Andhra Pradesh, regional_soil_MASTER.csv real districts)","state average (Andhra Pradesh, regional_soil_MASTER.csv real districts)"
Andhra Pradesh,Srikakulam,67.5,65.0,25.0,6.65,"state average (Andhra Pradesh, regional_soil_MASTER.csv real districts)","real (district-level, regional_soil_MASTER.csv)","state average (Andhra Pradesh, regional_soil_MASTER.csv real districts)","state average (Andhra Pradesh, regional_soil_MASTER.csv real districts)"
Andhra Pradesh,Vizianagaram,67.5,40.0,25.0,5.5,"state average (Andhra Pradesh, regional_soil_MASTER.csv real districts)","state average (Andhra Pradesh, regional_soil_MASTER.csv real districts)","state average (Andhra Pradesh, regional_soil_MASTER.csv real districts)","real (district-level, regional_soil_MASTER.csv)"
Arunachal Pradesh,Anjaw,55.0,30.0,50.0,5.5,national flat default (no data at any tier),national flat default (no data at any tier),national flat default (no data at any tier),"real (district-level, regional_soil_MASTER.csv)"
Arunachal Pradesh,Papum Pare,55.0,30.0,50.0,7.8,national flat default (no data at any tier),national flat default (no data at any tier),national flat default (no data at any tier),"real (district-level, regional_soil_MASTER.csv)"
Assam,Darrang,63.25,35.0,95.0,7.8,"nudged national default (Assam, Soil Health Card relative N skew)","real (district-level, regional_soil_MASTER.csv)","state average (Assam, regional_soil_MASTER.csv real districts)","state average (Assam, regional_soil_MASTER.csv real districts)"
Assam,Goalpara,63.25,35.0,95.0,7.8,"nudged national default (Assam, Soil Health Card relative N skew)","state average (Assam, regional_soil_MASTER.csv real districts)","state average (Assam, regional_soil_MASTER.csv real districts)","real (district-level, regional_soil_MASTER.csv)"
Assam,Jorhat,63.25,35.0,95.0,7.8,"nudged national default (Assam, Soil Health Card relative N skew)","state average (Assam, regional_soil_MASTER.csv real districts)","state average (Assam, regional_soil_MASTER.csv real districts)","real (district-level, regional_soil_MASTER.csv)"
Assam,Kamrup,63.25,35.0,95.0,7.8,"nudged national default (Assam, Soil Health Card relative N skew)","state average (Assam, regional_soil_MASTER.csv real districts)","real (district-level, regional_soil_MASTER.csv)","state average (Assam, regional_soil_MASTER.csv real districts)"
Assam,Lakhimpur,63.25,35.0,95.0,7.8,"nudged national default (Assam, Soil Health Card relative N skew)","state average (Assam, regional_soil_MASTER.csv real districts)","state average (Assam, regional_soil_MASTER.csv real districts)","real (district-level, regional_soil_MASTER.csv)"
Assam,Udalguri,63.25,35.0,95.0,7.8,"nudged national default (Assam, Soil Health Card relative N skew)","state average (Assam, regional_soil_MASTER.csv real districts)","real (district-level, regional_soil_MASTER.csv)","state average (Assam, regional_soil_MASTER.csv real districts)"
Bihar,Aurangabad,65.0,32.5,25.0,6.98,"real (district-level, regional_soil_MASTER.csv)","state average (Bihar, regional_soil_MASTER.csv real districts)","real (district-level, regional_soil_MASTER.csv)","state average (Bihar, regional_soil_MASTER.csv real districts)"
Bihar,Bhagalpur,85.0,32.5,95.0,6.98,"state average (Bihar, regional_soil_MASTER.csv real districts)","state average (Bihar, regional_soil_MASTER.csv real districts)","real (district-level, regional_soil_MASTER.csv)","state average (Bihar, regional_soil_MASTER.csv real districts)"
Bihar,Gaya,85.0,32.5,53.33,5.5,"state average (Bihar, regional_soil_MASTER.csv real districts)","state average (Bihar, regional_soil_MASTER.csv real districts)","state average (Bihar, regional_soil_MASTER.csv real districts)","real (district-level, regional_soil_MASTER.csv)"
Bihar,Jamui,85.0,35.0,53.33,6.98,"state average (Bihar, regional_soil_MASTER.csv real districts)","real (district-level, regional_soil_MASTER.csv)","state average (Bihar, regional_soil_MASTER.csv real districts)","state average (Bihar, regional_soil_MASTER.csv real districts)"
Bihar,Jehanabad,85.0,15.0,53.33,6.98,"state average (Bihar, regional_soil_MASTER.csv real districts)","real (district-level, regional_soil_MASTER.csv)","state average (Bihar, regional_soil_MASTER.csv real districts)","state average (Bihar, regional_soil_MASTER.csv real districts)"
Bihar,Kaimur (Bhabua),85.0,32.5,55.0,6.98,"state average (Bihar, regional_soil_MASTER.csv real districts)","state average (Bihar, regional_soil_MASTER.csv real districts)","real (district-level, regional_soil_MASTER.csv)","state average (Bihar, regional_soil_MASTER.csv real districts)"
Bihar,Madhubani,95.0,32.5,53.33,6.8,"real (district-level, regional_soil_MASTER.csv)","state average (Bihar, regional_soil_MASTER.csv real districts)","state average (Bihar, regional_soil_MASTER.csv real districts)","real (district-level, regional_soil_MASTER.csv)"
Bihar,Munger,95.0,32.5,53.33,6.98,"real (district-level, regional_soil_MASTER.csv)","state average (Bihar, regional_soil_MASTER.csv real districts)","state average (Bihar, regional_soil_MASTER.csv real districts)","state average (Bihar, regional_soil_MASTER.csv real districts)"
Bihar,Nalanda,65.0,32.5,53.33,6.98,"real (district-level, regional_soil_MASTER.csv)","state average (Bihar, regional_soil_MASTER.csv real districts)","state average (Bihar, regional_soil_MASTER.csv real districts)","state average (Bihar, regional_soil_MASTER.csv real districts)"
Bihar,Nawada,85.0,32.5,25.0,6.98,"state average (Bihar, regional_soil_MASTER.csv real districts)","state average (Bihar, regional_soil_MASTER.csv real districts)","real (district-level, regional_soil_MASTER.csv)","state average (Bihar, regional_soil_MASTER.csv real districts)"
Bihar,Pashchim Champaran,95.0,32.5,95.0,6.98,"real (district-level, regional_soil_MASTER.csv)","state average (Bihar, regional_soil_MASTER.csv real districts)","real (district-level, regional_soil_MASTER.csv)","state average (Bihar, regional_soil_MASTER.csv real districts)"
Bihar,Patna,85.0,32.5,53.33,7.8,"state average (Bihar, regional_soil_MASTER.csv real districts)","state average (Bihar, regional_soil_MASTER.csv real districts)","state average (Bihar, regional_soil_MASTER.csv real districts)","real (district-level, regional_soil_MASTER.csv)"
Bihar,Purbi Champaran,95.0,32.5,53.33,7.8,"real (district-level, regional_soil_MASTER.csv)","state average (Bihar, regional_soil_MASTER.csv real districts)","state average (Bihar, regional_soil_MASTER.csv real districts)","real (district-level, regional_soil_MASTER.csv)"
Bihar,Rohtas,85.0,15.0,53.33,6.98,"state average (Bihar, regional_soil_MASTER.csv real districts)","real (district-level, regional_soil_MASTER.csv)","state average (Bihar, regional_soil_MASTER.csv real districts)","state average (Bihar, regional_soil_MASTER.csv real districts)"
Bihar,Samastipur,85.0,65.0,53.33,6.98,"state average (Bihar, regional_soil_MASTER.csv real districts)","real (district-level, regional_soil_MASTER.csv)","state average (Bihar, regional_soil_MASTER.csv real districts)","state average (Bihar, regional_soil_MASTER.csv real districts)"
Bihar,Saran,85.0,32.5,25.0,6.98,"state average (Bihar, regional_soil_MASTER.csv real districts)","state average (Bihar, regional_soil_MASTER.csv real districts)","real (district-level, regional_soil_MASTER.csv)","state average (Bihar, regional_soil_MASTER.csv real districts)"
Chhattisgarh,Sarangarh-Bilaigarh,54.72,28.06,51.25,7.8,"nudged national default (Chhattisgarh, Soil Health Card relative N skew)","nudged national default (Chhattisgarh, Soil Health Card relative P skew)","nudged national default (Chhattisgarh, Soil Health Card relative K skew)","real (district-level, regional_soil_MASTER.csv)"
Goa,South Goa,54.73,35.0,50.0,6.41,"nudged national default (Goa, Soil Health Card relative N skew)","real (district-level, regional_soil_MASTER.csv)","nudged national default (Goa, Soil Health Card relative K skew)","state estimate (Goa, Soil Health Card acidic/neutral/alkaline split)"
Gujarat,Ahmedabad,70.71,46.43,89.29,5.5,"state average (Gujarat, regional_soil_MASTER.csv real districts)","state average (Gujarat, regional_soil_MASTER.csv real districts)","state average (Gujarat, regional_soil_MASTER.csv real districts)","real (district-level, regional_soil_MASTER.csv)"
Gujarat,Amreli,70.71,65.0,55.0,6.4,"state average (Gujarat, regional_soil_MASTER.csv real districts)","real (district-level, regional_soil_MASTER.csv)","real (district-level, regional_soil_MASTER.csv)","state average (Gujarat, regional_soil_MASTER.csv real districts)"
Gujarat,Anand,40.0,46.43,89.29,6.4,"real (district-level, regional_soil_MASTER.csv)","state average (Gujarat, regional_soil_MASTER.csv real districts)","state average (Gujarat, regional_soil_MASTER.csv real districts)","state average (Gujarat, regional_soil_MASTER.csv real districts)"
Gujarat,Arvalli,95.0,46.43,95.0,7.8,"real (district-level, regional_soil_MASTER.csv)","state average (Gujarat, regional_soil_MASTER.csv real districts)","real (district-level, regional_soil_MASTER.csv)","real (district-level, regional_soil_MASTER.csv)"
Gujarat,Banas Kantha,65.0,65.0,95.0,6.4,"real (district-level, regional_soil_MASTER.csv)","real (district-level, regional_soil_MASTER.csv)","real (district-level, regional_soil_MASTER.csv)","state average (Gujarat, regional_soil_MASTER.csv real districts)"
Gujarat,Bhavnagar,95.0,46.43,89.29,6.4,"real (district-level, regional_soil_MASTER.csv)","state average (Gujarat, regional_soil_MASTER.csv real districts)","state average (Gujarat, regional_soil_MASTER.csv real districts)","state average (Gujarat, regional_soil_MASTER.csv real districts)"
Gujarat,Dangs,70.71,46.43,95.0,6.4,"state average (Gujarat, regional_soil_MASTER.csv real districts)","state average (Gujarat, regional_soil_MASTER.csv real districts)","real (district-level, regional_soil_MASTER.csv)","state average (Gujarat, regional_soil_MASTER.csv real districts)"
Gujarat,Devbhumi Dwarka,40.0,46.43,89.29,6.4,"real (district-level, regional_soil_MASTER.csv)","state average (Gujarat, regional_soil_MASTER.csv real districts)","state average (Gujarat, regional_soil_MASTER.csv real districts)","state average (Gujarat, regional_soil_MASTER.csv real districts)"
Gujarat,Jamnagar,70.71,46.43,95.0,5.5,"state average (Gujarat, regional_soil_MASTER.csv real districts)","state average (Gujarat, regional_soil_MASTER.csv real districts)","real (district-level, regional_soil_MASTER.csv)","real (district-level, regional_soil_MASTER.csv)"
Gujarat,Junagadh,70.71,46.43,95.0,6.4,"state average (Gujarat, regional_soil_MASTER.csv real districts)","state average (Gujarat, regional_soil_MASTER.csv real districts)","real (district-level, regional_soil_MASTER.csv)","state average (Gujarat, regional_soil_MASTER.csv real districts)"
Gujarat,Kheda,70.71,15.0,89.29,6.4,"state average (Gujarat, regional_soil_MASTER.csv real districts)","real (district-level, regional_soil_MASTER.csv)","state average (Gujarat, regional_soil_MASTER.csv real districts)","state average (Gujarat, regional_soil_MASTER.csv real districts)"
Gujarat,Mahesana,70.71,65.0,89.29,6.4,"state average (Gujarat, regional_soil_MASTER.csv real districts)","real (district-level, regional_soil_MASTER.csv)","state average (Gujarat, regional_soil_MASTER.csv real districts)","state average (Gujarat, regional_soil_MASTER.csv real districts)"
Gujarat,Mahisagar,70.71,65.0,89.29,6.4,"state average (Gujarat, regional_soil_MASTER.csv real districts)","real (district-level, regional_soil_MASTER.csv)","state average (Gujarat, regional_soil_MASTER.csv real districts)","state average (Gujarat, regional_soil_MASTER.csv real districts)"
Gujarat,Narmada,95.0,46.43,89.29,6.4,"real (district-level, regional_soil_MASTER.csv)","state average (Gujarat, regional_soil_MASTER.csv real districts)","state average (Gujarat, regional_soil_MASTER.csv real districts)","state average (Gujarat, regional_soil_MASTER.csv real districts)"
Gujarat,Porbandar,70.71,46.43,89.29,6.8,"state average (Gujarat, regional_soil_MASTER.csv real districts)","state average (Gujarat, regional_soil_MASTER.csv real districts)","state average (Gujarat, regional_soil_MASTER.csv real districts)","real (district-level, regional_soil_MASTER.csv)"
Gujarat,Rajkot,70.71,35.0,95.0,6.4,"state average (Gujarat, regional_soil_MASTER.csv real districts)","real (district-level, regional_soil_MASTER.csv)","real (district-level, regional_soil_MASTER.csv)","state average (Gujarat, regional_soil_MASTER.csv real districts)"
Gujarat,Sabar Kantha,70.71,15.0,89.29,6.4,"state average (Gujarat, regional_soil_MASTER.csv real districts)","real (district-level, regional_soil_MASTER.csv)","state average (Gujarat, regional_soil_MASTER.csv real districts)","state average (Gujarat, regional_soil_MASTER.csv real districts)"
Gujarat,Tapi,65.0,46.43,89.29,6.4,"real (district-level, regional_soil_MASTER.csv)","state average (Gujarat, regional_soil_MASTER.csv real districts)","state average (Gujarat, regional_soil_MASTER.csv real districts)","state average (Gujarat, regional_soil_MASTER.csv real districts)"
Haryana,Charkhi Dadri,40.0,35.0,50.0,5.5,"state average (Haryana, regional_soil_MASTER.csv real districts)","state average (Haryana, regional_soil_MASTER.csv real districts)",national flat default (no data at any tier),"real (district-level, regional_soil_MASTER.csv)"
Haryana,Gurugram,40.0,35.0,50.0,7.8,"state average (Haryana, regional_soil_MASTER.csv real districts)","state average (Haryana, regional_soil_MASTER.csv real districts)",national flat default (no data at any tier),"real (district-level, regional_soil_MASTER.csv)"
Haryana,Jhajjar,40.0,35.0,50.0,6.65,"real (district-level, regional_soil_MASTER.csv)","state average (Haryana, regional_soil_MASTER.csv real districts)",national flat default (no data at any tier),"state average (Haryana, regional_soil_MASTER.csv real districts)"
Haryana,Mahendragarh,40.0,35.0,50.0,6.65,"real (district-level, regional_soil_MASTER.csv)","state average (Haryana, regional_soil_MASTER.csv real districts)",national flat default (no data at any tier),"state average (Haryana, regional_soil_MASTER.csv real districts)"
Haryana,Panchkula,40.0,35.0,50.0,6.65,"state average (Haryana, regional_soil_MASTER.csv real districts)","real (district-level, regional_soil_MASTER.csv)",national flat default (no data at any tier),"state average (Haryana, regional_soil_MASTER.csv real districts)"
Himachal Pradesh,Bilaspur,57.6,65.0,25.0,7.8,"nudged national default (Himachal Pradesh, Soil Health Card relative N skew)","real (district-level, regional_soil_MASTER.csv)","state average (Himachal Pradesh, regional_soil_MASTER.csv real districts)","state average (Himachal Pradesh, regional_soil_MASTER.csv real districts)"
Himachal Pradesh,Kangra,57.6,65.0,25.0,7.8,"nudged national default (Himachal Pradesh, Soil Health Card relative N skew)","state average (Himachal Pradesh, regional_soil_MASTER.csv real districts)","real (district-level, regional_soil_MASTER.csv)","real (district-level, regional_soil_MASTER.csv)"
Jammu And Kashmir,Anantnag,55.0,40.0,50.0,7.8,national flat default (no data at any tier),"state average (Jammu And Kashmir, regional_soil_MASTER.csv real districts)",national flat default (no data at any tier),"real (district-level, regional_soil_MASTER.csv)"
Jammu And Kashmir,Bandipora,55.0,40.0,50.0,5.5,national flat default (no data at any tier),"state average (Jammu And Kashmir, regional_soil_MASTER.csv real districts)",national flat default (no data at any tier),"real (district-level, regional_soil_MASTER.csv)"
Jammu And Kashmir,Jammu,55.0,15.0,50.0,6.65,national flat default (no data at any tier),"real (district-level, regional_soil_MASTER.csv)",national flat default (no data at any tier),"state average (Jammu And Kashmir, regional_soil_MASTER.csv real districts)"
Jammu And Kashmir,Udhampur,55.0,65.0,50.0,6.65,national flat default (no data at any tier),"real (district-level, regional_soil_MASTER.csv)",national flat default (no data at any tier),"state average (Jammu And Kashmir, regional_soil_MASTER.csv real districts)"
Jharkhand,Dhanbad,65.0,65.0,25.0,7.13,"state average (Jharkhand, regional_soil_MASTER.csv real districts)","real (district-level, regional_soil_MASTER.csv)","state average (Jharkhand, regional_soil_MASTER.csv real districts)","state average (Jharkhand, regional_soil_MASTER.csv real districts)"
Jharkhand,East Singhbum,65.0,35.0,25.0,7.13,"state average (Jharkhand, regional_soil_MASTER.csv real districts)","real (district-level, regional_soil_MASTER.csv)","state average (Jharkhand, regional_soil_MASTER.csv real districts)","state average (Jharkhand, regional_soil_MASTER.csv real districts)"
Jharkhand,Garhwa,65.0,45.0,25.0,6.8,"state average (Jharkhand, regional_soil_MASTER.csv real districts)","state average (Jharkhand, regional_soil_MASTER.csv real districts)","state average (Jharkhand, regional_soil_MASTER.csv real districts)","real (district-level, regional_soil_MASTER.csv)"
Jharkhand,Giridih,65.0,45.0,25.0,7.13,"state average (Jharkhand, regional_soil_MASTER.csv real districts)","state average (Jharkhand, regional_soil_MASTER.csv real districts)","real (district-level, regional_soil_MASTER.csv)","state average (Jharkhand, regional_soil_MASTER.csv real districts)"
Jharkhand,Godda,65.0,45.0,25.0,7.8,"state average (Jharkhand, regional_soil_MASTER.csv real districts)","state average (Jharkhand, regional_soil_MASTER.csv real districts)","state average (Jharkhand, regional_soil_MASTER.csv real districts)","real (district-level, regional_soil_MASTER.csv)"
Jharkhand,Khunti,65.0,15.0,25.0,7.13,"state average (Jharkhand, regional_soil_MASTER.csv real districts)","real (district-level, regional_soil_MASTER.csv)","state average (Jharkhand, regional_soil_MASTER.csv real districts)","state average (Jharkhand, regional_soil_MASTER.csv real districts)"
Jharkhand,Pakur,65.0,45.0,25.0,6.8,"state average (Jharkhand, regional_soil_MASTER.csv real districts)","state average (Jharkhand, regional_soil_MASTER.csv real districts)","state average (Jharkhand, regional_soil_MASTER.csv real districts)","real (district-level, regional_soil_MASTER.csv)"
Jharkhand,West Singhbhum,65.0,65.0,25.0,7.13,"real (district-level, regional_soil_MASTER.csv)","real (district-level, regional_soil_MASTER.csv)","state average (Jharkhand, regional_soil_MASTER.csv real districts)","state average (Jharkhand, regional_soil_MASTER.csv real districts)"
Karnataka,Dharwad,52.5,15.0,60.0,6.65,"state average (Karnataka, regional_soil_MASTER.csv real districts)","real (district-level, regional_soil_MASTER.csv)","state average (Karnataka, regional_soil_MASTER.csv real districts)","state average (Karnataka, regional_soil_MASTER.csv real districts)"
Karnataka,Kolar,65.0,15.0,60.0,6.65,"real (district-level, regional_soil_MASTER.csv)","state average (Karnataka, regional_soil_MASTER.csv real districts)","state average (Karnataka, regional_soil_MASTER.csv real districts)","state average (Karnataka, regional_soil_MASTER.csv real districts)"
Karnataka,Koppal,52.5,15.0,25.0,5.5,"state average (Karnataka, regional_soil_MASTER.csv real districts)","state average (Karnataka, regional_soil_MASTER.csv real districts)","real (district-level, regional_soil_MASTER.csv)","real (district-level, regional_soil_MASTER.csv)"
Karnataka,Mandya,40.0,15.0,60.0,7.8,"real (district-level, regional_soil_MASTER.csv)","state average (Karnataka, regional_soil_MASTER.csv real districts)","state average (Karnataka, regional_soil_MASTER.csv real districts)","real (district-level, regional_soil_MASTER.csv)"
Karnataka,Vijayanagara,52.5,15.0,95.0,6.65,"state average (Karnataka, regional_soil_MASTER.csv real districts)","state average (Karnataka, regional_soil_MASTER.csv real districts)","real (district-level, regional_soil_MASTER.csv)","state average (Karnataka, regional_soil_MASTER.csv real districts)"
Kerala,Thrissur,55.0,15.0,50.0,6.5,national flat default (no data at any tier),"real (district-level, regional_soil_MASTER.csv)",national flat default (no data at any tier),national flat default (no data at any tier)
Madhya Pradesh,Alirajpur,84.0,37.0,67.5,6.8,"state average (Madhya Pradesh, regional_soil_MASTER.csv real districts)","state average (Madhya Pradesh, regional_soil_MASTER.csv real districts)","state average (Madhya Pradesh, regional_soil_MASTER.csv real districts)","real (district-level, regional_soil_MASTER.csv)"
Madhya Pradesh,Anuppur,84.0,37.0,67.5,6.8,"state average (Madhya Pradesh, regional_soil_MASTER.csv real districts)","state average (Madhya Pradesh, regional_soil_MASTER.csv real districts)","state average (Madhya Pradesh, regional_soil_MASTER.csv real districts)","real (district-level, regional_soil_MASTER.csv)"
Madhya Pradesh,Ashoknagar,84.0,37.0,95.0,6.59,"state average (Madhya Pradesh, regional_soil_MASTER.csv real districts)","state average (Madhya Pradesh, regional_soil_MASTER.csv real districts)","real (district-level, regional_soil_MASTER.csv)","state average (Madhya Pradesh, regional_soil_MASTER.csv real districts)"
Madhya Pradesh,Balaghat,84.0,35.0,67.5,6.59,"state average (Madhya Pradesh, regional_soil_MASTER.csv real districts)","real (district-level, regional_soil_MASTER.csv)","state average (Madhya Pradesh, regional_soil_MASTER.csv real districts)","state average (Madhya Pradesh, regional_soil_MASTER.csv real districts)"
Madhya Pradesh,Betul,40.0,37.0,67.5,6.59,"real (district-level, regional_soil_MASTER.csv)","state average (Madhya Pradesh, regional_soil_MASTER.csv real districts)","state average (Madhya Pradesh, regional_soil_MASTER.csv real districts)","state average (Madhya Pradesh, regional_soil_MASTER.csv real districts)"
Madhya Pradesh,Chhatarpur,84.0,37.0,67.5,7.8,"state average (Madhya Pradesh, regional_soil_MASTER.csv real districts)","state average (Madhya Pradesh, regional_soil_MASTER.csv real districts)","state average (Madhya Pradesh, regional_soil_MASTER.csv real districts)","real (district-level, regional_soil_MASTER.csv)"
Madhya Pradesh,Chhindwara,84.0,37.0,95.0,6.59,"state average (Madhya Pradesh, regional_soil_MASTER.csv real districts)","state average (Madhya Pradesh, regional_soil_MASTER.csv real districts)","real (district-level, regional_soil_MASTER.csv)","state average (Madhya Pradesh, regional_soil_MASTER.csv real districts)"
Madhya Pradesh,Damoh,84.0,37.0,25.0,6.59,"state average (Madhya Pradesh, regional_soil_MASTER.csv real districts)","state average (Madhya Pradesh, regional_soil_MASTER.csv real districts)","real (district-level, regional_soil_MASTER.csv)","state average (Madhya Pradesh, regional_soil_MASTER.csv real districts)"
Madhya Pradesh,Dewas,84.0,65.0,25.0,5.5,"state average (Madhya Pradesh, regional_soil_MASTER.csv real districts)","real (district-level, regional_soil_MASTER.csv)","real (district-level, regional_soil_MASTER.csv)","real (district-level, regional_soil_MASTER.csv)"
Madhya Pradesh,Dhar,84.0,35.0,67.5,6.59,"state average (Madhya Pradesh, regional_soil_MASTER.csv real districts)","real (district-level, regional_soil_MASTER.csv)","state average (Madhya Pradesh, regional_soil_MASTER.csv real districts)","state average (Madhya Pradesh, regional_soil_MASTER.csv real districts)"
Madhya Pradesh,Gwalior,84.0,15.0,67.5,6.59,"state average (Madhya Pradesh, regional_soil_MASTER.csv real districts)","real (district-level, regional_soil_MASTER.csv)","state average (Madhya Pradesh, regional_soil_MASTER.csv real districts)","state average (Madhya Pradesh, regional_soil_MASTER.csv real districts)"
Madhya Pradesh,Khandwa (East Nimar),84.0,37.0,67.5,5.5,"state average (Madhya Pradesh, regional_soil_MASTER.csv real districts)","state average (Madhya Pradesh, regional_soil_MASTER.csv real districts)","state average (Madhya Pradesh, regional_soil_MASTER.csv real districts)","real (district-level, regional_soil_MASTER.csv)"
Madhya Pradesh,Khargone (West Nimar),84.0,37.0,95.0,6.59,"state average (Madhya Pradesh, regional_soil_MASTER.csv real districts)","state average (Madhya Pradesh, regional_soil_MASTER.csv real districts)","real (district-level, regional_soil_MASTER.csv)","state average (Madhya Pradesh, regional_soil_MASTER.csv real districts)"
Madhya Pradesh,Mandsaur,95.0,37.0,55.0,6.59,"real (district-level, regional_soil_MASTER.csv)","state average (Madhya Pradesh, regional_soil_MASTER.csv real districts)","real (district-level, regional_soil_MASTER.csv)","state average (Madhya Pradesh, regional_soil_MASTER.csv real districts)"
Madhya Pradesh,Mauganj,84.0,37.0,67.5,5.5,"state average (Madhya Pradesh, regional_soil_MASTER.csv real districts)","state average (Madhya Pradesh, regional_soil_MASTER.csv real districts)","state average (Madhya Pradesh, regional_soil_MASTER.csv real districts)","real (district-level, regional_soil_MASTER.csv)"
Madhya Pradesh,Narsimhapur,95.0,37.0,95.0,6.59,"real (district-level, regional_soil_MASTER.csv)","state average (Madhya Pradesh, regional_soil_MASTER.csv real districts)","real (district-level, regional_soil_MASTER.csv)","state average (Madhya Pradesh, regional_soil_MASTER.csv real districts)"
Madhya Pradesh,Raisen,84.0,37.0,55.0,6.59,"state average (Madhya Pradesh, regional_soil_MASTER.csv real districts)","state average (Madhya Pradesh, regional_soil_MASTER.csv real districts)","real (district-level, regional_soil_MASTER.csv)","state average (Madhya Pradesh, regional_soil_MASTER.csv real districts)"
Madhya Pradesh,Rewa,84.0,37.0,67.5,5.5,"state average (Madhya Pradesh, regional_soil_MASTER.csv real districts)","state average (Madhya Pradesh, regional_soil_MASTER.csv real districts)","state average (Madhya Pradesh, regional_soil_MASTER.csv real districts)","real (district-level, regional_soil_MASTER.csv)"
Madhya Pradesh,Sagar,95.0,37.0,67.5,6.59,"real (district-level, regional_soil_MASTER.csv)","state average (Madhya Pradesh, regional_soil_MASTER.csv real districts)","state average (Madhya Pradesh, regional_soil_MASTER.csv real districts)","state average (Madhya Pradesh, regional_soil_MASTER.csv real districts)"
Madhya Pradesh,Sehore,84.0,37.0,67.5,7.8,"state average (Madhya Pradesh, regional_soil_MASTER.csv real districts)","state average (Madhya Pradesh, regional_soil_MASTER.csv real districts)","state average (Madhya Pradesh, regional_soil_MASTER.csv real districts)","real (district-level, regional_soil_MASTER.csv)"
Madhya Pradesh,Shajapur,84.0,37.0,67.5,7.8,"state average (Madhya Pradesh, regional_soil_MASTER.csv real districts)","state average (Madhya Pradesh, regional_soil_MASTER.csv real districts)","state average (Madhya Pradesh, regional_soil_MASTER.csv real districts)","real (district-level, regional_soil_MASTER.csv)"
Madhya Pradesh,Shivpuri,95.0,37.0,67.5,6.8,"real (district-level, regional_soil_MASTER.csv)","state average (Madhya Pradesh, regional_soil_MASTER.csv real districts)","state average (Madhya Pradesh, regional_soil_MASTER.csv real districts)","real (district-level, regional_soil_MASTER.csv)"
Madhya Pradesh,Ujjain,84.0,35.0,67.5,7.8,"state average (Madhya Pradesh, regional_soil_MASTER.csv real districts)","real (district-level, regional_soil_MASTER.csv)","state average (Madhya Pradesh, regional_soil_MASTER.csv real districts)","real (district-level, regional_soil_MASTER.csv)"
Madhya Pradesh,Vidisha,84.0,37.0,67.5,5.5,"state average (Madhya Pradesh, regional_soil_MASTER.csv real districts)","state average (Madhya Pradesh, regional_soil_MASTER.csv real districts)","state average (Madhya Pradesh, regional_soil_MASTER.csv real districts)","real (district-level, regional_soil_MASTER.csv)"
Maharashtra,Ahilyanagar,95.0,31.67,55.0,6.8,"state average (Maharashtra, regional_soil_MASTER.csv real districts)","state average (Maharashtra, regional_soil_MASTER.csv real districts)","state average (Maharashtra, regional_soil_MASTER.csv real districts)","real (district-level, regional_soil_MASTER.csv)"
Maharashtra,Beed,95.0,31.67,55.0,7.55,"state average (Maharashtra, regional_soil_MASTER.csv real districts)","state average (Maharashtra, regional_soil_MASTER.csv real districts)","real (district-level, regional_soil_MASTER.csv)","state average (Maharashtra, regional_soil_MASTER.csv real districts)"
Maharashtra,Chandrapur,95.0,31.67,55.0,7.8,"state average (Maharashtra, regional_soil_MASTER.csv real districts)","state average (Maharashtra, regional_soil_MASTER.csv real districts)","state average (Maharashtra, regional_soil_MASTER.csv real districts)","real (district-level, regional_soil_MASTER.csv)"
Maharashtra,Gadchiroli,95.0,15.0,55.0,7.55,"real (district-level, regional_soil_MASTER.csv)","real (district-level, regional_soil_MASTER.csv)","state average (Maharashtra, regional_soil_MASTER.csv real districts)","state average (Maharashtra, regional_soil_MASTER.csv real districts)"
Maharashtra,Nanded,95.0,65.0,55.0,7.55,"state average (Maharashtra, regional_soil_MASTER.csv real districts)","real (district-level, regional_soil_MASTER.csv)","state average (Maharashtra, regional_soil_MASTER.csv real districts)","state average (Maharashtra, regional_soil_MASTER.csv real districts)"
Maharashtra,Pune,95.0,31.67,55.0,7.8,"state average (Maharashtra, regional_soil_MASTER.csv real districts)","state average (Maharashtra, regional_soil_MASTER.csv real districts)","state average (Maharashtra, regional_soil_MASTER.csv real districts)","real (district-level, regional_soil_MASTER.csv)"
Maharashtra,Raigad,95.0,31.67,55.0,7.55,"real (district-level, regional_soil_MASTER.csv)","state average (Maharashtra, regional_soil_MASTER.csv real districts)","state average (Maharashtra, regional_soil_MASTER.csv real districts)","state average (Maharashtra, regional_soil_MASTER.csv real districts)"
Maharashtra,Sangli,95.0,31.67,55.0,7.8,"state average (Maharashtra, regional_soil_MASTER.csv real districts)","state average (Maharashtra, regional_soil_MASTER.csv real districts)","state average (Maharashtra, regional_soil_MASTER.csv real districts)","real (district-level, regional_soil_MASTER.csv)"
Maharashtra,Satara,95.0,15.0,55.0,7.55,"state average (Maharashtra, regional_soil_MASTER.csv real districts)","real (district-level, regional_soil_MASTER.csv)","state average (Maharashtra, regional_soil_MASTER.csv real districts)","state average (Maharashtra, regional_soil_MASTER.csv real districts)"
Odisha,Bargarh,67.5,65.0,32.5,7.8,"state average (Odisha, regional_soil_MASTER.csv real districts)","real (district-level, regional_soil_MASTER.csv)","state average (Odisha, regional_soil_MASTER.csv real districts)","state average (Odisha, regional_soil_MASTER.csv real districts)"
Odisha,Cuttack,40.0,45.0,32.5,7.8,"real (district-level, regional_soil_MASTER.csv)","state average (Odisha, regional_soil_MASTER.csv real districts)","state average (Odisha, regional_soil_MASTER.csv real districts)","state average (Odisha, regional_soil_MASTER.csv real districts)"
Odisha,Gajapati,67.5,45.0,55.0,7.8,"state average (Odisha, regional_soil_MASTER.csv real districts)","state average (Odisha, regional_soil_MASTER.csv real districts)","real (district-level, regional_soil_MASTER.csv)","state average (Odisha, regional_soil_MASTER.csv real districts)"
Odisha,Ganjam,95.0,45.0,32.5,7.8,"real (district-level, regional_soil_MASTER.csv)","state average (Odisha, regional_soil_MASTER.csv real districts)","state average (Odisha, regional_soil_MASTER.csv real districts)","state average (Odisha, regional_soil_MASTER.csv real districts)"
Odisha,Kalahandi,67.5,35.0,25.0,7.8,"state average (Odisha, regional_soil_MASTER.csv real districts)","real (district-level, regional_soil_MASTER.csv)","real (district-level, regional_soil_MASTER.csv)","state average (Odisha, regional_soil_MASTER.csv real districts)"
Odisha,Kandhamal,67.5,45.0,25.0,7.8,"state average (Odisha, regional_soil_MASTER.csv real districts)","state average (Odisha, regional_soil_MASTER.csv real districts)","real (district-level, regional_soil_MASTER.csv)","state average (Odisha, regional_soil_MASTER.csv real districts)"
Odisha,Kendujhar,67.5,35.0,32.5,7.8,"state average (Odisha, regional_soil_MASTER.csv real districts)","real (district-level, regional_soil_MASTER.csv)","state average (Odisha, regional_soil_MASTER.csv real districts)","real (district-level, regional_soil_MASTER.csv)"
Odisha,Nuapada,67.5,45.0,25.0,7.8,"state average (Odisha, regional_soil_MASTER.csv real districts)","state average (Odisha, regional_soil_MASTER.csv real districts)","real (district-level, regional_soil_MASTER.csv)","state average (Odisha, regional_soil_MASTER.csv real districts)"
Puducherry,Karaikal,65.0,30.0,50.0,6.8,"real (district-level, regional_soil_MASTER.csv)",national flat default (no data at any tier),national flat default (no data at any tier),"state average (Puducherry, regional_soil_MASTER.csv real districts)"
Puducherry,Puducherry,65.0,30.0,50.0,6.8,"state average (Puducherry, regional_soil_MASTER.csv real districts)",national flat default (no data at any tier),national flat default (no data at any tier),"real (district-level, regional_soil_MASTER.csv)"
Rajasthan,Banswara,58.33,25.0,55.0,7.3,"state average (Rajasthan, regional_soil_MASTER.csv real districts)","state average (Rajasthan, regional_soil_MASTER.csv real districts)","real (district-level, regional_soil_MASTER.csv)","state average (Rajasthan, regional_soil_MASTER.csv real districts)"
Rajasthan,Baran,58.33,25.0,95.0,7.3,"state average (Rajasthan, regional_soil_MASTER.csv real districts)","state average (Rajasthan, regional_soil_MASTER.csv real districts)","real (district-level, regional_soil_MASTER.csv)","state average (Rajasthan, regional_soil_MASTER.csv real districts)"
Rajasthan,Barmer,58.33,25.0,46.25,7.8,"state average (Rajasthan, regional_soil_MASTER.csv real districts)","state average (Rajasthan, regional_soil_MASTER.csv real districts)","state average (Rajasthan, regional_soil_MASTER.csv real districts)","real (district-level, regional_soil_MASTER.csv)"
Rajasthan,Bikaner,58.33,25.0,95.0,7.3,"state average (Rajasthan, regional_soil_MASTER.csv real districts)","state average (Rajasthan, regional_soil_MASTER.csv real districts)","real (district-level, regional_soil_MASTER.csv)","state average (Rajasthan, regional_soil_MASTER.csv real districts)"
Rajasthan,Bundi,58.33,15.0,46.25,7.3,"state average (Rajasthan, regional_soil_MASTER.csv real districts)","real (district-level, regional_soil_MASTER.csv)","state average (Rajasthan, regional_soil_MASTER.csv real districts)","state average (Rajasthan, regional_soil_MASTER.csv real districts)"
Rajasthan,Chittorgarh,58.33,25.0,25.0,7.3,"state average (Rajasthan, regional_soil_MASTER.csv real districts)","state average (Rajasthan, regional_soil_MASTER.csv real districts)","real (district-level, regional_soil_MASTER.csv)","state average (Rajasthan, regional_soil_MASTER.csv real districts)"
Rajasthan,Churu,58.33,25.0,46.25,6.8,"state average (Rajasthan, regional_soil_MASTER.csv real districts)","state average (Rajasthan, regional_soil_MASTER.csv real districts)","state average (Rajasthan, regional_soil_MASTER.csv real districts)","real (district-level, regional_soil_MASTER.csv)"
Rajasthan,Ganganagar,40.0,25.0,46.25,7.3,"real (district-level, regional_soil_MASTER.csv)","state average (Rajasthan, regional_soil_MASTER.csv real districts)","state average (Rajasthan, regional_soil_MASTER.csv real districts)","state average (Rajasthan, regional_soil_MASTER.csv real districts)"
Rajasthan,Hanumangarh,58.33,25.0,25.0,7.3,"state average (Rajasthan, regional_soil_MASTER.csv real districts)","state average (Rajasthan, regional_soil_MASTER.csv real districts)","real (district-level, regional_soil_MASTER.csv)","state average (Rajasthan, regional_soil_MASTER.csv real districts)"
Rajasthan,Jaisalmer,58.33,25.0,25.0,7.3,"state average (Rajasthan, regional_soil_MASTER.csv real districts)","state average (Rajasthan, regional_soil_MASTER.csv real districts)","real (district-level, regional_soil_MASTER.csv)","state average (Rajasthan, regional_soil_MASTER.csv real districts)"
Rajasthan,Karauli,95.0,25.0,46.25,7.3,"real (district-level, regional_soil_MASTER.csv)","state average (Rajasthan, regional_soil_MASTER.csv real districts)","state average (Rajasthan, regional_soil_MASTER.csv real districts)","state average (Rajasthan, regional_soil_MASTER.csv real districts)"
Rajasthan,Kotputli-Behror,58.33,25.0,25.0,7.3,"state average (Rajasthan, regional_soil_MASTER.csv real districts)","state average (Rajasthan, regional_soil_MASTER.csv real districts)","real (district-level, regional_soil_MASTER.csv)","state average (Rajasthan, regional_soil_MASTER.csv real districts)"
Rajasthan,Rajsamand,58.33,35.0,46.25,7.3,"state average (Rajasthan, regional_soil_MASTER.csv real districts)","real (district-level, regional_soil_MASTER.csv)","state average (Rajasthan, regional_soil_MASTER.csv real districts)","state average (Rajasthan, regional_soil_MASTER.csv real districts)"
Rajasthan,Sawai Madhopur,40.0,25.0,46.25,7.3,"real (district-level, regional_soil_MASTER.csv)","state average (Rajasthan, regional_soil_MASTER.csv real districts)","state average (Rajasthan, regional_soil_MASTER.csv real districts)","state average (Rajasthan, regional_soil_MASTER.csv real districts)"
Rajasthan,Sikar,58.33,25.0,25.0,7.3,"state average (Rajasthan, regional_soil_MASTER.csv real districts)","state average (Rajasthan, regional_soil_MASTER.csv real districts)","real (district-level, regional_soil_MASTER.csv)","state average (Rajasthan, regional_soil_MASTER.csv real districts)"
Tamil Nadu,Chengalpattu,67.5,15.0,95.0,6.7,"state average (Tamil Nadu, regional_soil_MASTER.csv real districts)","state average (Tamil Nadu, regional_soil_MASTER.csv real districts)","real (district-level, regional_soil_MASTER.csv)","state average (Tamil Nadu, regional_soil_MASTER.csv real districts)"
Tamil Nadu,Cuddalore,67.5,15.0,71.67,5.5,"state average (Tamil Nadu, regional_soil_MASTER.csv real districts)","state average (Tamil Nadu, regional_soil_MASTER.csv real districts)","state average (Tamil Nadu, regional_soil_MASTER.csv real districts)","real (district-level, regional_soil_MASTER.csv)"
Tamil Nadu,Dharmapuri,67.5,15.0,71.67,6.7,"state average (Tamil Nadu, regional_soil_MASTER.csv real districts)","real (district-level, regional_soil_MASTER.csv)","state average (Tamil Nadu, regional_soil_MASTER.csv real districts)","state average (Tamil Nadu, regional_soil_MASTER.csv real districts)"
Tamil Nadu,Krishnagiri,95.0,15.0,71.67,6.7,"real (district-level, regional_soil_MASTER.csv)","state average (Tamil Nadu, regional_soil_MASTER.csv real districts)","state average (Tamil Nadu, regional_soil_MASTER.csv real districts)","state average (Tamil Nadu, regional_soil_MASTER.csv real districts)"
Tamil Nadu,Madurai,67.5,15.0,95.0,6.7,"state average (Tamil Nadu, regional_soil_MASTER.csv real districts)","state average (Tamil Nadu, regional_soil_MASTER.csv real districts)","real (district-level, regional_soil_MASTER.csv)","state average (Tamil Nadu, regional_soil_MASTER.csv real districts)"
Tamil Nadu,Pudukkottai,67.5,15.0,71.67,6.8,"state average (Tamil Nadu, regional_soil_MASTER.csv real districts)","state average (Tamil Nadu, regional_soil_MASTER.csv real districts)","state average (Tamil Nadu, regional_soil_MASTER.csv real districts)","real (district-level, regional_soil_MASTER.csv)"
Tamil Nadu,Tiruvannamalai,40.0,15.0,25.0,6.7,"real (district-level, regional_soil_MASTER.csv)","state average (Tamil Nadu, regional_soil_MASTER.csv real districts)","real (district-level, regional_soil_MASTER.csv)","state average (Tamil Nadu, regional_soil_MASTER.csv real districts)"
Tamil Nadu,Viluppuram,67.5,15.0,71.67,7.8,"state average (Tamil Nadu, regional_soil_MASTER.csv real districts)","state average (Tamil Nadu, regional_soil_MASTER.csv real districts)","state average (Tamil Nadu, regional_soil_MASTER.csv real districts)","real (district-level, regional_soil_MASTER.csv)"
Telangana,Suryapet,40.0,32.82,51.77,7.02,"real (district-level, regional_soil_MASTER.csv)","nudged national default (Telangana, Soil Health Card relative P skew)","nudged national default (Telangana, Soil Health Card relative K skew)","state estimate (Telangana, Soil Health Card acidic/neutral/alkaline split)"
Tripura,Gomati,55.0,30.0,50.0,7.8,national flat default (no data at any tier),national flat default (no data at any tier),national flat default (no data at any tier),"real (district-level, regional_soil_MASTER.csv)"
Uttar Pradesh,Banda,95.0,48.33,55.0,6.8,"state average (Uttar Pradesh, regional_soil_MASTER.csv real districts)","state average (Uttar Pradesh, regional_soil_MASTER.csv real districts)","real (district-level, regional_soil_MASTER.csv)","state average (Uttar Pradesh, regional_soil_MASTER.csv real districts)"
Uttar Pradesh,Fatehpur,95.0,15.0,25.0,6.8,"state average (Uttar Pradesh, regional_soil_MASTER.csv real districts)","real (district-level, regional_soil_MASTER.csv)","real (district-level, regional_soil_MASTER.csv)","real (district-level, regional_soil_MASTER.csv)"
Uttar Pradesh,Hamirpur,95.0,48.33,95.0,6.8,"state average (Uttar Pradesh, regional_soil_MASTER.csv real districts)","state average (Uttar Pradesh, regional_soil_MASTER.csv real districts)","real (district-level, regional_soil_MASTER.csv)","state average (Uttar Pradesh, regional_soil_MASTER.csv real districts)"
Uttar Pradesh,Kanpur Nagar,95.0,65.0,51.0,6.8,"state average (Uttar Pradesh, regional_soil_MASTER.csv real districts)","real (district-level, regional_soil_MASTER.csv)","state average (Uttar Pradesh, regional_soil_MASTER.csv real districts)","state average (Uttar Pradesh, regional_soil_MASTER.csv real districts)"
Uttar Pradesh,Kheri,95.0,48.33,51.0,6.8,"real (district-level, regional_soil_MASTER.csv)","state average (Uttar Pradesh, regional_soil_MASTER.csv real districts)","state average (Uttar Pradesh, regional_soil_MASTER.csv real districts)","state average (Uttar Pradesh, regional_soil_MASTER.csv real districts)"
Uttar Pradesh,Pratapgarh,95.0,48.33,51.0,6.8,"state average (Uttar Pradesh, regional_soil_MASTER.csv real districts)","state average (Uttar Pradesh, regional_soil_MASTER.csv real districts)","state average (Uttar Pradesh, regional_soil_MASTER.csv real districts)","real (district-level, regional_soil_MASTER.csv)"
Uttar Pradesh,Shahjahanpur,95.0,48.33,55.0,6.8,"state average (Uttar Pradesh, regional_soil_MASTER.csv real districts)","state average (Uttar Pradesh, regional_soil_MASTER.csv real districts)","real (district-level, regional_soil_MASTER.csv)","state average (Uttar Pradesh, regional_soil_MASTER.csv real districts)"
Uttar Pradesh,Siddharthnagar,95.0,65.0,51.0,6.8,"state average (Uttar Pradesh, regional_soil_MASTER.csv real districts)","real (district-level, regional_soil_MASTER.csv)","state average (Uttar Pradesh, regional_soil_MASTER.csv real districts)","state average (Uttar Pradesh, regional_soil_MASTER.csv real districts)"
Uttar Pradesh,Sitapur,95.0,48.33,25.0,6.8,"state average (Uttar Pradesh, regional_soil_MASTER.csv real districts)","state average (Uttar Pradesh, regional_soil_MASTER.csv real districts)","real (district-level, regional_soil_MASTER.csv)","state average (Uttar Pradesh, regional_soil_MASTER.csv real districts)"
West Bengal,Bankura,40.0,53.0,55.0,6.8,"real (district-level, regional_soil_MASTER.csv)","state average (West Bengal, regional_soil_MASTER.csv real districts)","real (district-level, regional_soil_MASTER.csv)","real (district-level, regional_soil_MASTER.csv)"
West Bengal,Birbhum,65.0,53.0,46.67,6.28,"real (district-level, regional_soil_MASTER.csv)","state average (West Bengal, regional_soil_MASTER.csv real districts)","state average (West Bengal, regional_soil_MASTER.csv real districts)","state average (West Bengal, regional_soil_MASTER.csv real districts)"
West Bengal,Hooghly,55.0,53.0,46.67,6.8,"state average (West Bengal, regional_soil_MASTER.csv real districts)","state average (West Bengal, regional_soil_MASTER.csv real districts)","state average (West Bengal, regional_soil_MASTER.csv real districts)","real (district-level, regional_soil_MASTER.csv)"
West Bengal,Howrah,40.0,53.0,55.0,6.28,"real (district-level, regional_soil_MASTER.csv)","state average (West Bengal, regional_soil_MASTER.csv real districts)","real (district-level, regional_soil_MASTER.csv)","state average (West Bengal, regional_soil_MASTER.csv real districts)"
West Bengal,Jalpaiguri,65.0,53.0,25.0,6.28,"real (district-level, regional_soil_MASTER.csv)","state average (West Bengal, regional_soil_MASTER.csv real districts)","real (district-level, regional_soil_MASTER.csv)","state average (West Bengal, regional_soil_MASTER.csv real districts)"
West Bengal,Jhargram,55.0,35.0,25.0,6.28,"state average (West Bengal, regional_soil_MASTER.csv real districts)","real (district-level, regional_soil_MASTER.csv)","real (district-level, regional_soil_MASTER.csv)","state average (West Bengal, regional_soil_MASTER.csv real districts)"
West Bengal,Malda,55.0,35.0,46.67,6.28,"state average (West Bengal, regional_soil_MASTER.csv real districts)","real (district-level, regional_soil_MASTER.csv)","state average (West Bengal, regional_soil_MASTER.csv real districts)","state average (West Bengal, regional_soil_MASTER.csv real districts)"
West Bengal,Murshidabad,55.0,53.0,46.67,5.5,"state average (West Bengal, regional_soil_MASTER.csv real districts)","state average (West Bengal, regional_soil_MASTER.csv real districts)","state average (West Bengal, regional_soil_MASTER.csv real districts)","real (district-level, regional_soil_MASTER.csv)"
West Bengal,Nadia,55.0,53.0,95.0,6.8,"state average (West Bengal, regional_soil_MASTER.csv real districts)","state average (West Bengal, regional_soil_MASTER.csv real districts)","real (district-level, regional_soil_MASTER.csv)","real (district-level, regional_soil_MASTER.csv)"
West Bengal,North 24 Parganas,95.0,53.0,46.67,6.28,"real (district-level, regional_soil_MASTER.csv)","state average (West Bengal, regional_soil_MASTER.csv real districts)","state average (West Bengal, regional_soil_MASTER.csv real districts)","state average (West Bengal, regional_soil_MASTER.csv real districts)"
West Bengal,Paschim Medinipur,40.0,53.0,25.0,6.28,"real (district-level, regional_soil_MASTER.csv)","state average (West Bengal, regional_soil_MASTER.csv real districts)","real (district-level, regional_soil_MASTER.csv)","state average (West Bengal, regional_soil_MASTER.csv real districts)"
West Bengal,Purba Bardhaman,40.0,65.0,46.67,5.5,"real (district-level, regional_soil_MASTER.csv)","real (district-level, regional_soil_MASTER.csv)","state average (West Bengal, regional_soil_MASTER.csv real districts)","real (district-level, regional_soil_MASTER.csv)"
West Bengal,Purba Medinipur,55.0,65.0,46.67,6.28,"state average (West Bengal, regional_soil_MASTER.csv real districts)","real (district-level, regional_soil_MASTER.csv)","state average (West Bengal, regional_soil_MASTER.csv real districts)","state average (West Bengal, regional_soil_MASTER.csv real districts)"
West Bengal,South 24 Parganas,55.0,65.0,46.67,6.28,"state average (West Bengal, regional_soil_MASTER.csv real districts)","real (district-level, regional_soil_MASTER.csv)","state average (West Bengal, regional_soil_MASTER.csv real districts)","state average (West Bengal, regional_soil_MASTER.csv real districts)"
